date,SAR,MYR,SGD,AED,THB,TRY,JPY,VND,IDR
2023-06-13,3.750153,4.61704,1.342225,3.6729,34.679664,23.643499,140.181013,23502.5,14874.5
2023-06-14,3.750196,4.6215,1.340745,3.672796,34.670971,23.573499,139.980502,23507.5,14916.0
2023-06-15,3.750679,4.625968,1.33664,3.672898,34.590097,23.655801,140.271501,23535.0,14904.0
2023-06-16,3.749372,4.614504,1.34035,3.67291,34.565038,23.620404,141.84504,23530.0,14961.45
2023-06-17,3.749372,4.614504,1.34035,3.67291,34.565038,23.620404,141.84504,23530.0,14961.45
2023-06-18,3.750702,4.6145,1.3377,3.67291,34.690207,23.553503,141.872039,23530.0,14935.0
2023-06-19,3.750853,4.627499,1.340815,3.672896,34.754497,23.603502,141.900499,23527.5,15015.0
2023-06-20,3.750704,4.640498,1.3432,3.672898,34.832503,23.577096,141.338997,23527.5,15023.0
2023-06-21,3.75143,4.646503,1.339815,3.6729,34.785502,23.5568,141.689498,23510.0,14950.0
2023-06-22,3.75093,4.650503,1.344795,3.672897,35.130274,24.890101,143.033505,23525.0,14942.0
2023-06-23,3.751124,4.676504,1.350565,3.672904,35.250369,25.264038,143.69504,23525.0,15045.3
2023-06-24,3.750273,4.676504,1.35185,3.672904,35.250369,25.277304,143.710385,23525.0,15045.3
2023-06-25,3.751195,4.676505,1.351765,3.673025,35.209875,25.322802,143.545016,23525.0,14994.0
2023-06-26,3.749928,4.673501,1.353575,3.6731,35.23011,26.10069,143.462972,23540.0,15046.0
2023-06-27,3.750448,4.666004,1.349685,3.673099,35.280585,26.03418,143.882959,23530.0,14988.0
2023-06-28,3.750065,4.671503,1.352705,3.672904,35.586299,26.057503,144.390497,23562.5,14988.0
2023-06-29,3.750384,4.671498,1.356215,3.673016,35.630139,26.043602,144.78499,23571.5,15071.0
2023-06-30,3.750808,4.667504,1.352204,3.673025,35.270369,26.051104,144.30504,23585.0,15040.3
2023-07-01,3.750808,4.667504,1.352204,3.673025,35.270369,26.051104,144.30504,23585.0,15040.3
2023-07-02,3.751198,4.6675,1.352575,3.673025,35.309846,25.745966,144.403497,23585.0,14993.0
2023-07-03,3.750179,4.667027,1.350785,3.672799,35.04004,25.869204,144.585499,23710.0,15063.0
2023-07-04,3.750121,4.652004,1.34931,3.673097,34.878019,25.980099,144.409016,23710.0,15020.0
2023-07-05,3.749636,4.652972,1.353295,3.6728,34.97197,26.0906,144.489895,23755.0,15084.0
2023-07-06,3.751448,4.661976,1.353065,3.672895,35.190338,26.131802,143.952007,23720.0,15189.2
2023-07-07,3.751379,4.670378,1.350304,3.672904,35.038504,26.060204,142.09504,23650.0,15161.7
2023-07-08,3.750979,4.670378,1.349904,3.672904,35.142038,26.060204,142.11504,23650.0,15161.7
2023-07-09,3.751502,4.669497,1.346297,3.67304,35.139723,26.142803,142.213502,23650.0,15135.0
2023-07-10,3.749763,4.6705,1.344435,3.673102,35.049729,26.13421,141.302481,23652.5,15223.0
2023-07-11,3.750736,4.657985,1.340395,3.672903,34.760295,26.11499,140.123002,23700.0,15161.3
2023-07-12,3.750236,4.65099,1.329535,3.672985,34.660365,26.204599,138.316968,23672.5,14935.0
2023-07-13,3.751815,4.589502,1.322605,3.673105,34.559678,26.062198,138.076024,23675.0,14961.0
2023-07-14,3.751331,4.526039,1.321104,3.673104,34.620369,26.170304,138.69504,23642.5,15003.0
2023-07-15,3.752658,4.526039,1.320904,3.673104,34.618038,26.170304,138.70504,23642.5,15003.0
2023-07-16,3.751803,4.525974,1.321495,3.673065,34.639962,26.255027,138.686999,23642.5,14958.0
2023-07-17,3.750684,4.564498,1.321945,3.672801,34.597992,26.3872,138.730215,23640.0,14987.0
2023-07-18,3.750295,4.5425,1.322825,3.672979,34.059749,26.952798,139.032011,23642.5,14990.5
2023-07-19,3.750513,4.542497,1.324875,3.673099,34.028503,26.825503,139.597594,23640.0,14999.0
2023-07-20,3.750987,4.542984,1.3268,3.673098,34.203799,26.855502,139.86602,23653.5,15056.0
2023-07-21,3.751704,4.561039,1.330904,3.672904,34.649038,26.974038,141.780385,23657.5,15043.35
2023-07-22,3.748674,4.561039,1.330604,3.672904,34.413038,26.975304,141.790385,23657.5,15043.35
2023-07-23,3.75115,4.56598,1.33121,3.67303,34.415497,26.956985,141.754505,23657.5,15025.0
2023-07-24,3.75052,4.573502,1.331905,3.672899,34.56023,26.974397,141.5235,23675.0,15031.0
2023-07-25,3.750238,4.573501,1.327905,3.6729,34.435041,26.928502,140.917016,23665.0,15036.5
2023-07-26,3.75082,4.602835,1.325845,3.672901,34.266037,26.931105,140.3685,23675.0,15014.0
2023-07-27,3.751403,4.521997,1.330947,3.673001,34.483021,26.959875,138.871011,23667.0,15102.0
2023-07-28,3.751219,4.553504,1.330904,3.673104,33.924038,26.920904,141.14504,23695.0,15107.5
2023-07-29,3.751219,4.553504,1.330904,3.673104,33.924038,26.920904,141.14504,23695.0,15107.5
2023-07-30,3.75115,4.5545,1.331365,3.67303,34.269666,26.91777,140.763998,23695.0,15095.0
2023-07-31,3.751699,4.530499,1.329815,3.673096,34.269501,26.94893,142.32694,23687.5,15111.0
2023-08-01,3.752192,4.52195,1.334719,3.672994,34.30406,26.975498,142.972982,23690.0,15139.5
2023-08-02,3.751922,4.557022,1.34152,3.67303,34.459926,26.967301,143.344976,23737.5,15227.0
2023-08-03,3.75145,4.544013,1.341023,3.673031,34.570047,27.19084,142.598994,23760.0,15168.0
2023-08-04,3.751496,4.555039,1.339104,3.673035,34.680369,26.940704,141.75504,23735.0,15152.9
2023-08-05,3.751073,4.555039,1.339104,3.673042,34.680369,26.940704,141.75504,23735.0,15152.9
2023-08-06,3.751597,4.554984,1.339495,3.672995,34.640215,26.999299,141.882007,23735.0,15170.0
2023-08-07,3.751466,4.559049,1.340895,3.673025,34.829678,27.010398,142.525503,23730.0,15239.0
2023-08-08,3.751024,4.582502,1.34783,3.673045,35.010263,27.034565,143.279007,23740.0,15211.7
2023-08-09,3.751923,4.570952,1.34622,3.672981,35.081503,26.995499,143.728502,23745.0,15214.0
2023-08-10,3.751969,4.572014,1.34958,3.6725,35.129956,27.12285,144.855995,23747.5,15263.5
2023-08-11,3.751976,4.587039,1.352104,3.67304,35.070369,27.078104,144.90504,23760.0,15323.55
2023-08-12,3.751964,4.587039,1.352104,3.673042,35.070369,27.078104,144.90504,23760.0,15323.55
2023-08-13,3.752017,4.586975,1.353255,3.673015,35.122022,27.1172,144.823504,23760.0,15324.0
2023-08-14,3.751387,4.6195,1.355695,3.673002,35.239768,27.0604,145.442032,23825.0,15353.95
2023-08-15,3.750848,4.635498,1.358225,3.673014,35.419571,27.065915,145.612499,23975.0,15317.75
2023-08-16,3.750345,4.629501,1.360435,3.673052,35.499009,27.082655,146.3345,23945.0,15369.0
2023-08-17,3.750395,4.652501,1.357965,3.672963,35.480279,27.130123,145.715027,23865.0,15361.75
2023-08-18,3.750134,4.652504,1.35865,3.673042,35.570504,27.105804,145.41504,23820.0,15321.0
2023-08-19,3.750304,4.652504,1.35865,3.673042,35.570504,27.105804,145.41504,23820.0,15321.0
2023-08-20,3.750298,4.647503,1.356815,3.673028,35.379615,27.143398,145.311021,23820.0,15285.0
2023-08-21,3.750746,4.649033,1.357355,3.672994,35.190624,27.210502,146.2425,23820.0,15324.7
2023-08-22,3.751135,4.648022,1.357655,3.672996,35.030023,27.2099,145.768028,23820.0,15324.0
2023-08-23,3.751147,4.648,1.352302,3.673034,34.939031,27.198402,144.677948,23945.0,15301.05
2023-08-24,3.751499,4.644976,1.357301,3.673024,34.999577,25.910401,146.07199,24005.0,15246.0
2023-08-25,3.7515,4.640378,1.35615,3.673035,35.150369,26.549604,146.43504,24005.0,15298.0
2023-08-26,3.7514,4.640378,1.35615,3.673042,35.150369,26.549604,146.43504,24005.0,15298.0
2023-08-27,3.752,4.640377,1.355515,3.673035,35.087497,26.358701,146.535022,24005.0,15295.0
2023-08-28,3.751247,4.654502,1.355198,3.673025,35.239957,26.314496,146.464975,24095.0,15261.15
2023-08-29,3.750931,4.645498,1.350558,3.673023,35.010151,26.553299,145.992498,24190.0,15201.55
2023-08-30,3.751301,4.639766,1.34973,3.672967,35.029496,26.686297,146.09681,24130.0,15223.0
2023-08-31,3.750968,4.639958,1.350801,3.673006,35.010032,26.692902,145.473976,24085.0,15238.0
2023-09-01,3.750945,4.647504,1.353204,3.67309,35.357038,26.700504,146.20404,24085.0,15225.2
2023-09-02,3.750551,4.647504,1.353204,3.673104,35.357038,26.700504,146.20404,24085.0,15225.2
2023-09-03,3.767817,4.647502,1.354005,3.67309,35.109805,26.582303,146.062023,24085.0,15240.0
2023-09-04,3.750587,4.655003,1.3555,3.672992,35.269747,26.776203,146.544503,24085.0,15234.0
2023-09-05,3.751008,4.645006,1.360895,3.672997,35.45903,26.7856,147.472501,24065.0,15320.0
2023-09-06,3.750915,4.674005,1.364125,3.672499,35.561973,26.821501,147.715036,24060.0,15343.0
2023-09-07,3.75097,4.678502,1.36553,3.67295,35.64104,26.863101,147.337502,24070.0,15349.0
2023-09-08,3.750817,4.676504,1.364604,3.673042,35.777504,26.845038,147.78504,24057.5,15381.7
2023-09-09,3.750817,4.676504,1.364604,3.673042,35.777504,26.845038,147.78504,24057.5,15381.7
2023-09-10,3.750798,4.676495,1.363961,3.67307,35.509941,26.842304,147.119503,24057.5,15325.0
2023-09-11,3.750837,4.6745,1.360603,3.673098,35.509767,26.88011,146.682496,24085.0,15353.55
2023-09-12,3.751011,4.676988,1.360729,3.673097,35.59837,26.924204,147.159003,24115.0,15357.6
2023-09-13,3.750885,4.677015,1.361109,3.672978,35.750085,26.890502,147.347505,24115.0,15360.0
2023-09-14,3.750966,4.682006,1.36437,3.672987,35.790299,26.9494,147.482945,24230.0,15402.0
2023-09-15,3.751038,4.684039,1.363504,3.672975,35.682504,26.993038,147.77504,24265.0,15367.0
2023-09-16,3.751038,4.684039,1.363504,3.673042,35.682504,26.993038,147.77504,24265.0,15367.0
2023-09-17,3.751038,4.683978,1.362825,3.672975,35.720432,26.93336,147.874961,24265.0,15353.0
2023-09-18,3.751052,4.688993,1.36348,3.672895,35.673506,26.9925,147.606499,24385.0,15381.5
2023-09-19,3.750767,4.696502,1.364403,3.6729,36.016496,27.0233,147.746951,24385.0,15392.25
2023-09-20,3.751138,4.686013,1.366303,3.672995,36.241027,27.0278,148.326988,24290.0,15368.0
2023-09-21,3.751114,4.691496,1.36671,3.672973,36.129683,27.119125,147.649736,24325.0,15407.65
2023-09-22,3.751033,4.691504,1.365904,3.673042,35.970369,27.172704,148.280385,24372.5,15357.05
2023-09-23,3.751033,4.691504,1.365904,3.673042,35.970369,27.172704,148.280385,24372.5,15357.05
2023-09-24,3.751033,4.687497,1.365895,3.67288,35.979962,27.19536,148.439931,24372.5,15375.0
2023-09-25,3.750867,4.685501,1.366285,3.672962,36.173013,27.220685,148.812496,24395.0,15412.0
2023-09-26,3.750585,4.690136,1.369397,3.672937,36.424021,27.347795,149.0465,24385.0,15500.0
2023-09-27,3.750702,4.708019,1.37299,3.672945,36.679751,27.337802,149.503998,24400.0,15576.0
2023-09-28,3.750485,4.708499,1.3661,3.672991,36.587503,27.463901,149.343499,24400.0,15481.0
2023-09-29,3.750526,4.69525,1.366104,3.67304,36.856038,27.413104,149.37504,24305.0,15493.35
2023-09-30,3.750526,4.69525,1.366104,3.673042,36.856038,27.413104,149.37504,24305.0,15493.35
2023-10-01,3.750499,4.695298,1.367015,3.67304,36.686499,27.4861,149.545005,24305.0,15455.0
2023-10-02,3.750549,4.71703,1.37344,3.672984,37.044503,27.46701,149.855989,24355.0,15542.0
2023-10-03,3.750591,4.723499,1.373505,3.673034,37.097294,27.54545,149.196501,24395.0,15628.5
2023-10-04,3.750607,4.731498,1.37187,3.673043,36.98501,27.559598,148.968969,24435.0,15598.0
2023-10-05,3.750305,4.727501,1.367445,3.673033,36.949026,27.587599,148.466042,24400.0,15638.0
2023-10-06,3.750784,4.727504,1.363604,3.673042,36.940369,27.618104,149.22504,24385.0,15648.15
2023-10-07,3.750384,4.727504,1.363604,3.673042,36.940369,27.618104,149.22504,24385.0,15648.15
2023-10-08,3.750384,4.713496,1.366496,3.67303,36.94964,27.717703,149.165009,24385.0,15610.0
2023-10-09,3.750869,4.731981,1.364175,3.673024,36.919806,27.7247,148.332004,24385.0,15708.2
2023-10-10,3.75053,4.726499,1.36281,3.673101,36.573002,27.732501,148.629,24405.0,15727.75
2023-10-11,3.751012,4.718504,1.36264,3.673055,36.430172,27.723798,149.036994,24450.0,15700.0
2023-10-12,3.750799,4.712501,1.369565,3.673032,36.420499,27.847303,149.790988,24445.0,15746.0
2023-10-13,3.751469,4.728504,1.370504,3.67308,36.303651,27.800804,149.560385,24455.0,15703.0
2023-10-14,3.751398,4.728504,1.370504,3.673042,36.303651,27.800804,149.560385,24455.0,15703.0
2023-10-15,3.751398,4.7285,1.369105,3.67308,36.190986,27.711298,149.572969,24455.0,15683.0
2023-10-16,3.751101,4.735981,1.368495,3.67302,36.306501,27.875201,149.582945,24475.0,15682.0
2023-10-17,3.751217,4.735955,1.368602,3.67304,36.370476,27.966399,149.76399,24500.0,15734.35
2023-10-18,3.750818,4.744498,1.373398,3.673016,36.386997,28.047845,149.746949,24570.0,15814.0
2023-10-19,3.750981,4.765002,1.372695,3.673053,36.420503,28.029303,149.805007,24565.0,15863.0
2023-10-20,3.751139,4.767504,1.373404,3.673005,36.480369,27.984038,149.85504,24540.0,15878.75
2023-10-21,3.751139,4.767504,1.373404,3.673042,36.480369,27.984038,149.85504,24540.0,15878.75
2023-10-22,3.751139,4.767502,1.372625,3.673005,36.539785,28.0549,149.885003,24540.0,15875.0
2023-10-23,3.751207,4.7675,1.366805,3.672986,36.313973,28.08645,149.77599,24600.0,15908.5
2023-10-24,3.75157,4.790229,1.368025,3.673013,36.170139,28.127502,149.85903,24560.0,15874.0
2023-10-25,3.751171,4.779847,1.372395,3.673008,36.230656,28.153201,150.099038,24575.0,15921.0
2023-10-26,3.75126,4.786303,1.368765,3.673006,36.23021,28.171702,150.366983,24606.0,15927.0
2023-10-27,3.751419,4.778504,1.368704,3.673042,36.12037,28.139304,149.653504,24580.0,15910.7
2023-10-28,3.749246,4.778504,1.368704,3.673042,36.12037,28.139304,149.653504,24580.0,15910.7
2023-10-29,3.751402,4.778503,1.370115,3.67296,36.110505,28.267805,149.723498,24580.0,15910.7
2023-10-30,3.751572,4.762503,1.364855,3.672995,35.919968,28.267555,149.116017,24568.0,15850.0
2023-10-31,3.751144,4.762498,1.369502,3.673015,36.109831,28.307397,151.300503,24567.5,15844.95
2023-11-01,3.751423,4.771502,1.366565,3.672991,36.049502,28.328197,150.607503,24592.5,15908.0
2023-11-02,3.75156,4.751497,1.36498,3.672996,35.979497,28.41879,150.498969,24577.5,15852.0
2023-11-03,3.751556,4.729504,1.352304,3.673042,35.588038,28.397104,149.370385,24535.0,15589.1
2023-11-04,3.751556,4.729504,1.352304,3.673042,35.588038,28.397104,149.370385,24535.0,15589.1
2023-11-05,3.751556,4.7295,1.35359,3.67302,35.5255,28.426198,149.471008,24535.0,15589.1
2023-11-06,3.750565,4.636499,1.351098,3.673015,35.533498,28.452598,149.990499,24345.0,15577.0
2023-11-07,3.751083,4.636495,1.354303,3.673024,35.529602,28.504105,150.376979,24325.0,15651.0
2023-11-08,3.751016,4.683798,1.356405,3.673047,35.539841,28.52245,150.865017,24380.0,15623.0
2023-11-09,3.751107,4.692502,1.360595,3.673009,35.798496,28.529603,151.352499,24350.0,15714.0
2023-11-10,3.750983,4.692504,1.360904,3.67301,36.38037,28.558404,151.52504,24325.0,15694.05
2023-11-11,3.751047,4.692504,1.360904,3.673042,36.38037,28.558404,151.52504,24325.0,15694.05
2023-11-12,3.751009,4.6925,1.360102,3.67301,36.089496,28.55521,151.473497,24325.0,15694.05
2023-11-13,3.750782,4.70798,1.358925,3.672966,36.000108,28.611098,151.651017,24383.0,15682.9
2023-11-14,3.75085,4.720322,1.349105,3.672997,35.510333,28.643394,150.464002,24378.0,15459.0
2023-11-15,3.750374,4.672494,1.35007,3.673023,35.529761,28.684403,151.231502,24288.0,15519.25
2023-11-16,3.750175,4.672502,1.347111,3.672984,35.209981,28.707215,150.72104,24290.5,15484.0
2023-11-17,3.750487,4.672504,1.344104,3.67293,35.395504,28.679604,149.53504,24265.0,15424.3
2023-11-18,3.75051,4.672504,1.344204,3.673042,35.395504,28.679604,149.53504,24265.0,15424.3
2023-11-19,3.75051,4.672501,1.34364,3.67293,35.114989,28.71047,149.9465,24265.0,15424.3
2023-11-20,3.750586,4.665024,1.33762,3.672987,35.182974,28.784535,148.363024,24180.0,15389.05
2023-11-21,3.750561,4.653027,1.337875,3.673029,35.204501,28.80061,148.15702,24140.0,15515.55
2023-11-22,3.750594,4.67797,1.342198,3.672797,35.250439,28.837603,149.464972,24215.0,15656.0
2023-11-23,3.750516,4.679014,1.341104,3.672698,35.297978,28.845699,149.64004,24247.5,15634.5
2023-11-24,3.750349,4.684504,1.340404,3.672625,35.39037,28.861604,149.46504,24275.0,15532.6
2023-11-25,3.750349,4.684504,1.340404,3.672704,35.39037,28.861604,149.46504,24275.0,15532.6
2023-11-26,3.750349,4.684497,1.33998,3.672625,35.394499,28.874215,149.578499,24275.0,15532.6
2023-11-27,3.750687,4.684499,1.33637,3.672702,35.026985,28.914404,148.453036,24240.0,15505.0
2023-11-28,3.750637,4.672953,1.33025,3.672503,34.66995,28.9236,147.063986,24240.5,15349.5
2023-11-29,3.751367,4.672991,1.33254,3.672397,34.826026,28.947845,147.040606,24270.0,15458.5
2023-11-30,3.751481,4.659505,1.337199,3.6724,35.27994,28.911602,148.034994,24260.0,15558.55
2023-12-01,3.751198,4.673039,1.333604,3.672115,34.87037,28.899804,146.81504,24300.0,15412.65
2023-12-02,3.751198,4.673039,1.333604,3.672404,34.87037,28.899804,146.82504,24290.0,15433.75
2023-12-03,3.751298,4.672983,1.33261,3.672404,34.751499,28.915665,146.402012,24290.0,15433.75
2023-12-04,3.751217,4.672986,1.337701,3.672404,35.238966,28.922799,147.33195,24255.0,15482.4
2023-12-05,3.749836,4.664499,1.340895,3.672404,35.250143,28.919699,147.18601,24271.0,15464.0
2023-12-06,3.749928,4.668976,1.34176,3.672504,35.219041,28.919899,147.147997,24279.0,15514.0
2023-12-07,3.751222,4.674019,1.339631,3.672502,35.145006,28.917195,144.279501,24282.5,15507.0
2023-12-08,3.750483,4.665039,1.341038,3.672504,35.658038,28.927404,144.86404,24230.0,15573.0
2023-12-09,3.750483,4.665039,1.341038,3.672404,35.658038,28.927404,144.86404,24230.0,15573.0
2023-12-10,3.7507,4.664965,1.34145,3.672201,35.480501,28.95025,144.972037,24230.0,15573.0
2023-12-11,3.750511,4.682501,1.343896,3.672399,35.7045,28.966104,146.086011,24257.5,15654.0
2023-12-12,3.750608,4.684498,1.341215,3.672504,35.682023,29.032098,145.281011,24270.0,15576.0
2023-12-13,3.751458,4.693798,1.33284,3.672502,35.117503,28.996802,142.7745,24281.0,15355.8
2023-12-14,3.751342,4.672498,1.328405,3.672698,34.889835,28.981597,142.280506,24252.5,15475.0
2023-12-15,3.751291,4.672504,1.334038,3.672604,34.88037,28.982804,142.12504,24275.0,15528.85
2023-12-16,3.751304,4.672504,1.333904,3.672704,34.88037,28.982804,142.11504,24275.0,15528.85
2023-12-17,3.751301,4.672501,1.33328,3.672498,34.980984,28.93131,142.296499,24275.0,15528.85
2023-12-18,3.751142,4.693969,1.33217,3.672699,34.949787,29.05631,142.7235,24360.0,15452.0
2023-12-19,3.751059,4.684498,1.328796,3.672698,34.839882,29.09351,143.891996,24357.5,15462.0
2023-12-20,3.75077,4.658028,1.33182,3.672501,34.979499,29.130503,143.526504,24345.0,15606.0
2023-12-21,3.751266,4.655501,1.326701,3.672701,34.703499,29.138803,142.071026,24330.0,15446.0
2023-12-22,3.75101,4.655504,1.324604,3.672345,34.55037,29.090368,142.39504,24250.0,15466.85
2023-12-23,3.750988,4.655504,1.325038,3.672504,34.605038,29.090368,142.410385,24250.0,15466.85
2023-12-24,3.751016,4.655502,1.323695,3.672503,34.608503,29.142502,142.447503,24250.0,15466.85
2023-12-25,3.750988,4.63199,1.325099,3.672601,34.573969,29.316403,142.234984,24245.0,15467.0
2023-12-26,3.75075,4.638497,1.323405,3.67265,34.557504,29.310899,142.464495,24335.0,15407.0
2023-12-27,3.750054,4.628983,1.319665,3.672801,34.281501,29.3929,141.401986,24360.0,15380.0
2023-12-28,3.749738,4.607499,1.320299,3.672797,34.295312,29.524803,141.4335,24250.0,15520.0
2023-12-29,3.750373,4.595039,1.320704,3.672755,34.901038,29.476304,141.02504,24270.0,15390.1
2023-12-30,3.750373,4.595039,1.320704,3.672504,34.901038,29.476304,141.02504,24270.0,15390.1
2023-12-31,3.749979,4.594963,1.319525,3.672755,34.434967,29.36632,141.028497,24270.0,15390.1
2024-01-01,3.749888,4.594981,1.319798,3.672498,34.349773,29.550515,141.130499,24270.0,15390.0
2024-01-02,3.750007,4.603498,1.326405,3.672796,34.263001,29.753575,142.156502,24335.0,15505.0
2024-01-03,3.750395,4.603501,1.328465,3.672801,34.450319,29.791285,143.000499,24385.0,15562.0
2024-01-04,3.750517,4.634497,1.329491,3.672502,34.532022,29.8459,144.771502,24370.0,15518.05
2024-01-05,3.750446,4.654504,1.330704,3.672504,34.67037,29.812304,144.63504,24380.0,15503.35
2024-01-06,3.750046,4.654504,1.330704,3.672804,34.67037,29.812304,144.63504,24380.0,15503.35
2024-01-07,3.750405,4.654496,1.32974,3.672805,34.668497,29.872455,144.737497,24380.0,15503.35
2024-01-08,3.750105,4.651505,1.32871,3.672898,34.950058,29.918894,144.234501,24345.0,15507.0
2024-01-09,3.749954,4.6435,1.331025,3.672497,34.924996,29.96686,144.443502,24370.0,15542.65
2024-01-10,3.749852,4.643503,1.3313,3.672902,35.040501,29.859198,145.741005,24420.0,15562.0
2024-01-11,3.75008,4.645992,1.330305,3.672498,35.013977,30.065899,145.047025,24490.0,15562.5
2024-01-12,3.750228,4.647039,1.332704,3.672815,34.903653,30.101904,144.86504,24505.0,15538.2
2024-01-13,3.750228,4.647039,1.332704,3.672904,34.95037,30.101904,144.86504,24505.0,15538.2
2024-01-14,3.750228,4.647021,1.33202,3.672815,34.968952,30.085195,145.155502,24505.0,15538.2
2024-01-15,3.75008,4.669498,1.334055,3.672898,34.970246,30.093033,145.7865,24480.0,15562.0
2024-01-16,3.750553,4.646972,1.342505,3.672898,35.413057,30.123103,147.25098,24520.0,15632.0
2024-01-17,3.750318,4.717497,1.344435,3.672937,35.602983,30.143805,148.119503,24520.0,15631.0
2024-01-18,3.750569,4.717498,1.34377,3.672499,35.540126,30.158603,148.132998,24560.0,15620.6
2024-01-19,3.75066,4.714039,1.340804,3.67285,35.503653,30.203038,148.140385,24550.0,15619.65
2024-01-20,3.75066,4.714039,1.340804,3.672904,35.503653,30.203038,148.140385,24550.0,15619.65
2024-01-21,3.750599,4.714046,1.340695,3.672897,35.545499,30.21544,148.144026,24550.0,15619.65
2024-01-22,3.750381,4.726496,1.342245,3.672502,35.633985,30.265215,148.146023,24565.0,15663.15
2024-01-23,3.750317,4.726498,1.34096,3.673002,35.702058,30.285545,148.273501,24575.0,15725.0
2024-01-24,3.750167,4.728979,1.339785,3.673012,35.743015,30.253025,147.553499,24610.0,15721.65
2024-01-25,3.749758,4.7315,1.34036,3.67289,35.739944,30.302298,147.7245,24612.5,15815.0
2024-01-26,3.749971,4.727504,1.343204,3.672504,35.63037,30.339038,148.18504,24605.0,15775.25
2024-01-27,3.749971,4.727504,1.343204,3.673042,35.63037,30.339038,148.18504,24605.0,15775.25
2024-01-28,3.749971,4.727497,1.342065,3.672505,35.626498,30.334055,148.146502,24605.0,15775.25
2024-01-29,3.749898,4.734502,1.339705,3.67304,35.439585,30.35381,147.477027,24540.0,15835.0
2024-01-30,3.749975,4.727997,1.339415,3.673018,35.384978,30.363404,147.375497,24410.0,15792.0
2024-01-31,3.750133,4.729498,1.34051,3.672959,35.585501,30.3648,147.005015,24425.0,15776.0
2024-02-01,3.750184,4.728099,1.33669,3.672974,35.324974,30.448011,146.453976,24410.0,15733.0
2024-02-02,3.75011,4.717504,1.344104,3.67285,35.44022,30.501304,148.37504,24350.0,15731.2
2024-02-03,3.75011,4.717504,1.344104,3.673042,35.44022,30.501304,148.37504,24350.0,15731.2
2024-02-04,3.7501,4.717502,1.343505,3.672502,35.589024,30.654115,148.499004,24350.0,15731.2
2024-02-05,3.750488,4.750302,1.34706,3.672968,35.770028,30.5418,148.645018,24382.5,15775.0
2024-02-06,3.750232,4.7655,1.343715,3.672984,35.55961,30.575435,147.819002,24370.0,15740.0
2024-02-07,3.750249,4.761504,1.34334,3.673019,35.581501,30.596495,148.090991,24425.0,15654.0
2024-02-08,3.75022,4.770406,1.346885,3.673029,35.840126,30.673398,149.264966,24425.0,15665.05
2024-02-09,3.75011,4.765039,1.346104,3.67285,35.91037,30.674104,149.30504,24425.0,15611.45
2024-02-10,3.75011,4.765039,1.34605,3.672904,35.91037,30.674104,149.32504,24425.0,15611.45
2024-02-11,3.750243,4.765008,1.345265,3.672495,35.8895,30.68449,149.173004,24425.0,15611.45
2024-02-12,3.750261,4.765018,1.34483,3.672898,35.907442,30.7178,149.406995,24425.0,15585.0
2024-02-13,3.750356,4.766047,1.351099,3.672498,36.09605,30.727901,150.733499,24425.0,15669.0
2024-02-14,3.750355,4.785499,1.347805,3.672905,36.086501,30.755101,150.545502,24425.0,15631.95
2024-02-15,3.749762,4.780503,1.345645,3.672898,36.049831,30.819712,149.948503,24462.5,15679.0
2024-02-16,3.750196,4.780378,1.34996,3.673042,35.749038,30.841604,150.22504,24530.0,15655.6
2024-02-17,3.750196,4.780378,1.34996,3.672904,35.749038,30.841604,150.22504,24530.0,15655.6
2024-02-18,3.751121,4.779658,1.345401,3.672855,35.960504,30.842495,150.100967,24530.0,15655.6
2024-02-19,3.750441,4.786998,1.346375,3.672896,36.12958,30.872899,150.2725,24537.5,15641.0
2024-02-20,3.75022,4.798797,1.34372,3.67295,35.990566,30.91516,149.944021,24535.0,15668.0
2024-02-21,3.749809,4.794962,1.343985,3.673031,35.884029,31.021498,150.355996,24535.0,15658.0
2024-02-22,3.750743,4.7775,1.342798,3.672975,35.939673,31.080235,150.484494,24602.5,15594.15
2024-02-23,3.750554,4.777504,1.343038,3.67295,35.930369,30.818685,150.48504,24640.0,15594.15
2024-02-24,3.750554,4.777504,1.343038,3.673042,35.930369,30.818685,150.48504,24640.0,15594.15
2024-02-25,3.750554,4.777502,1.34342,3.672949,35.967504,31.099865,150.504002,24640.0,15594.15
2024-02-26,3.7503,4.776964,1.34433,3.672499,35.949502,31.13517,150.554995,24670.0,15642.0
2024-02-27,3.750321,4.762011,1.34397,3.672501,35.890082,31.15151,150.508288,24635.0,15660.0
2024-02-28,3.750773,4.768984,1.345992,3.672504,35.959828,31.216298,150.643008,24630.0,15731.1
2024-02-29,3.750231,4.745497,1.34598,3.673029,35.873029,31.298085,150.096501,24650.0,15711.0
2024-03-01,3.750254,4.745504,1.344804,3.673042,35.669038,31.389904,150.09504,24655.0,15701.95
2024-03-02,3.750254,4.745504,1.344804,3.673042,35.669038,31.389904,150.09504,24655.0,15701.95
2024-03-03,3.750254,4.745503,1.343885,3.67295,35.813497,31.40456,150.112016,24655.0,15701.95
2024-03-04,3.750409,4.723502,1.34342,3.672986,35.764006,31.576297,150.466983,24686.0,15773.0
2024-03-05,3.75042,4.734961,1.342975,3.6729,35.809502,31.704978,150.018503,24702.5,15758.0
2024-03-06,3.750356,4.731995,1.338485,3.673022,35.63696,31.80363,149.276971,24680.0,15675.0
2024-03-07,3.750639,4.731964,1.333065,3.672901,35.553497,31.9382,147.873017,24690.0,15628.0
2024-03-08,3.75043,4.685039,1.333404,3.672904,35.370369,31.850368,147.06504,24655.0,15541.3
2024-03-09,3.750654,4.685039,1.333404,3.672904,35.370369,31.850368,147.06504,24655.0,15541.3
2024-03-10,3.750654,4.684986,1.331365,3.672875,35.424501,32.016465,146.777984,24655.0,15541.3
2024-03-11,3.750778,4.683504,1.33021,3.672901,35.39673,32.042398,146.736995,24647.5,15525.0
2024-03-12,3.750761,4.677597,1.332298,3.672899,35.751498,32.092995,147.636981,24652.5,15561.0
2024-03-13,3.750479,4.688047,1.331915,3.6729,35.635502,32.127035,147.62701,24680.0,15581.0
2024-03-14,3.750356,4.688014,1.33634,3.6727,35.77059,32.20407,148.300939,24700.0,15637.8
2024-03-15,3.750362,4.704504,1.337204,3.672904,35.840369,32.094038,149.04604,24724.5,15646.6
2024-03-16,3.750362,4.704504,1.337204,3.672604,35.840369,32.094038,149.04604,24724.5,15646.6
2024-03-17,3.750302,4.704501,1.338185,3.672602,35.915497,32.316439,148.959503,24724.5,15646.6
2024-03-18,3.750092,4.718497,1.33928,3.672501,35.979782,32.341495,149.150202,24725.0,15755.0
2024-03-19,3.750148,4.733011,1.342485,3.672502,36.089501,32.40607,151.038972,24750.0,15725.0
2024-03-20,3.750366,4.74104,1.339065,3.672496,35.932498,32.422502,150.766499,24790.0,15694.0
2024-03-21,3.750257,4.714798,1.3436,3.672497,36.324981,32.1615,151.637961,24790.0,15726.75
2024-03-22,3.750459,4.737504,1.348904,3.650504,36.270369,32.007304,151.41804,24770.0,15814.15
2024-03-23,3.750459,4.737504,1.348904,3.672504,36.270369,32.007304,151.41804,24770.0,15814.15
2024-03-24,3.750459,4.7375,1.349605,3.672301,36.348978,32.15723,151.3255,24770.0,15814.15
2024-03-25,3.750669,4.724502,1.345885,3.672397,36.350097,32.1728,151.377501,24750.0,15798.0
2024-03-26,3.750554,4.721503,1.34536,3.6725,36.319778,32.213502,151.531987,24780.0,15835.0
2024-03-27,3.750676,4.732987,1.34879,3.672299,36.410086,32.304703,151.293498,24795.0,15884.0
2024-03-28,3.750581,4.732979,1.349969,3.672104,36.435018,32.454098,151.449504,24795.0,15884.0
2024-03-29,3.753878,4.724504,1.349104,3.672904,36.350369,32.370325,151.34504,24812.5,15880.1
2024-03-30,3.754707,4.724504,1.349104,3.672304,36.473038,32.365038,151.34504,24812.5,15880.1
2024-03-31,3.754707,4.724499,1.347765,3.672301,36.414952,32.4284,151.403017,24812.5,15855.0
2024-04-01,3.75095,4.729501,1.35261,3.672304,36.6005,32.267401,151.587012,24805.0,15956.05
2024-04-02,3.750638,4.754493,1.35143,3.672501,36.611977,32.057099,151.543015,24915.0,15967.5
2024-04-03,3.750871,4.755026,1.348102,3.672525,36.620364,31.950301,151.568974,25010.0,15942.0
2024-04-04,3.750923,4.739498,1.348535,3.672501,36.710501,31.96578,151.297016,24950.0,15912.15
2024-04-05,3.751027,4.747504,1.349404,3.672504,36.520369,32.071504,151.60504,24965.0,15887.75
2024-04-06,3.751027,4.747504,1.349404,3.672504,36.520369,32.071504,151.60504,24965.0,15887.75
2024-04-07,3.751027,4.747495,1.349299,3.672497,36.670207,32.012595,151.695998,24965.0,15888.0
2024-04-08,3.750788,4.752501,1.347385,3.6725,36.712498,32.1615,151.845012,24962.5,15925.0
2024-04-09,3.750633,4.748034,1.344799,3.672498,36.330019,32.243201,151.778972,24955.0,15899.0
2024-04-10,3.751012,4.74799,1.354025,3.672499,36.73702,32.291038,152.970502,24945.0,16001.6
2024-04-11,3.751148,4.747985,1.35285,3.672495,36.433013,32.423198,153.194502,24990.0,16014.0
2024-04-12,3.751204,4.770377,1.361104,3.67245,36.660369,32.362604,153.27504,25037.5,16117.8
2024-04-13,3.751304,4.770377,1.361104,3.672504,36.660369,32.362604,153.27504,25037.5,16117.8
2024-04-14,3.7513,4.769808,1.360302,3.67231,36.630077,32.401899,153.289502,25037.5,16118.0
2024-04-15,3.750956,4.778972,1.363055,3.6725,36.770051,32.42804,154.209502,25195.0,16082.0
2024-04-16,3.751142,4.776967,1.36472,3.672502,36.633018,32.513535,154.710501,25290.0,16337.05
2024-04-17,3.751042,4.792974,1.36034,3.672499,36.779598,32.476199,154.347033,25405.0,16253.0
2024-04-18,3.751163,4.784997,1.36204,3.672725,36.837015,32.568299,154.611971,25405.0,16227.75
2024-04-19,3.751402,4.784039,1.361304,3.672604,36.810369,32.485604,154.62504,25445.0,16218.25
2024-04-20,3.751402,4.784039,1.361304,3.672704,36.810369,32.485604,154.62504,25445.0,16218.25
2024-04-21,3.751403,4.783501,1.361385,3.672675,36.879858,32.62475,154.64498,25445.0,16218.25
2024-04-22,3.75081,4.777982,1.362035,3.672703,37.080262,32.569598,154.815497,25460.0,16256.0
2024-04-23,3.750695,4.779672,1.360903,3.672697,36.912504,32.554665,154.749004,25445.0,16156.55
2024-04-24,3.750815,4.778502,1.361702,3.672898,37.067991,32.575085,155.264017,25420.0,16229.0
2024-04-25,3.750472,4.777499,1.35914,3.672902,37.024502,32.5403,155.5995,25360.0,16208.0
2024-04-26,3.750549,4.767504,1.362604,3.672904,37.015038,32.508038,158.09504,25345.0,16241.3
2024-04-27,3.750449,4.767504,1.362604,3.672904,37.015038,32.508038,158.09504,25345.0,16241.3
2024-04-28,3.750449,4.767499,1.361505,3.672925,36.996498,32.5362,158.230052,25345.0,16210.0
2024-04-29,3.750647,4.765502,1.360135,3.672898,37.028001,32.441735,156.320497,25345.0,16257.5
2024-04-30,3.750551,4.7675,1.365285,3.672902,37.2205,32.408302,157.728502,25345.0,16279.0
2024-05-01,3.750709,4.772499,1.360045,3.6729,36.999497,32.278039,155.71404,25345.0,16209.05
2024-05-02,3.750408,4.754504,1.353805,3.672902,36.809916,32.408299,153.050372,25405.0,16104.0
2024-05-03,3.75054,4.740377,1.349104,3.672904,36.802038,32.345204,153.04504,25415.0,15968.7
2024-05-04,3.750615,4.740377,1.349038,3.672904,36.802038,32.353704,153.05504,25415.0,15968.7
2024-05-05,3.750603,4.739982,1.350945,3.672897,36.798421,32.307403,153.570497,25415.0,16084.0
2024-05-06,3.750621,4.739499,1.351695,3.672897,36.760288,32.287598,154.243996,25380.0,16042.0
2024-05-07,3.750481,4.737981,1.354902,3.672895,36.949971,32.261199,154.752496,25410.0,16080.0
2024-05-08,3.750454,4.742502,1.35552,3.672992,36.942496,32.3535,155.426019,25432.5,16081.0
2024-05-09,3.750393,4.732972,1.352295,3.672995,36.709807,32.288098,155.394045,25447.5,16037.0
2024-05-10,3.750458,4.739039,1.354804,3.672945,36.660369,32.360704,155.78504,25455.0,16055.0
2024-05-11,3.750499,4.739039,1.354904,3.673042,36.603038,32.404204,155.77504,25455.0,16055.0
2024-05-12,3.750503,4.739002,1.354698,3.672971,36.80318,32.265285,155.823031,25455.0,16045.0
2024-05-13,3.750487,4.731977,1.353026,3.672979,36.805503,32.256697,156.2365,25453.5,16128.0
2024-05-14,3.75037,4.714982,1.352095,3.673028,36.586011,32.286204,156.503016,25457.5,16109.0
2024-05-15,3.750402,4.707008,1.343635,3.672971,36.269873,32.165497,154.288501,25452.5,15921.0
2024-05-16,3.750472,4.685501,1.345875,3.673022,36.222977,32.267902,155.384988,25441.5,15939.05
2024-05-17,3.750448,4.687504,1.345904,3.672904,36.170369,32.200604,155.67504,25449.0,15964.5
2024-05-18,3.750048,4.687504,1.346038,3.673042,36.320369,32.243404,155.67504,25449.0,15964.5
2024-05-19,3.750403,4.687503,1.344905,3.673002,36.12991,32.237598,155.76103,25449.0,15965.0
2024-05-20,3.750426,4.684018,1.347419,3.673002,36.140505,32.217103,156.377014,25455.0,16040.4
2024-05-21,3.750512,4.692497,1.347295,3.673014,36.393496,32.195898,156.255975,25462.0,16012.0
2024-05-22,3.750289,4.6925,1.350403,3.673041,36.50406,32.20059,156.708998,25465.0,16047.8
2024-05-23,3.750249,4.704499,1.351815,3.67302,36.672001,32.226978,156.975497,25469.5,16102.0
2024-05-24,3.750203,4.711504,1.350204,3.673042,36.640369,32.213038,156.96504,25471.0,16045.0
2024-05-25,3.749803,4.711504,1.350104,3.673042,36.643038,32.198104,156.95504,25471.0,16045.0
2024-05-26,3.750598,4.711499,1.350096,3.672976,36.650197,32.224957,156.875044,25471.0,16045.0
2024-05-27,3.75038,4.697012,1.34865,3.672995,36.559768,32.112988,156.848502,25452.5,16078.0
2024-05-28,3.750564,4.693801,1.348897,3.672983,36.601996,32.245902,157.266501,25453.0,16124.0
2024-05-29,3.750718,4.7055,1.352085,3.673018,36.819499,32.265102,157.612497,25457.5,16260.2
2024-05-30,3.750756,4.703977,1.350201,3.67301,36.709614,32.248799,156.958983,25457.5,16235.0
2024-05-31,3.750812,4.707504,1.353504,3.672904,36.750369,32.244104,157.250385,25450.0,16255.1
2024-06-01,3.751069,4.707504,1.353404,3.673042,36.770369,32.257204,157.262504,25450.0,16255.1
2024-06-02,3.751069,4.706985,1.350696,3.673021,36.760288,32.241901,157.182023,25450.0,16250.0
2024-06-03,3.750602,4.707024,1.3455,3.673018,36.608502,32.183605,156.081,25438.5,16210.0
2024-06-04,3.750471,4.702012,1.34673,3.673007,36.588043,32.638796,155.126987,25415.0,16283.0
2024-06-05,3.75031,4.698017,1.347875,3.672938,36.57995,32.279398,155.935499,25422.5,16322.0
2024-06-06,3.750436,4.694503,1.345497,3.672998,36.407501,32.293798,155.7035,25427.5,16247.9
2024-06-07,3.750474,4.691039,1.351104,3.673042,36.785038,32.345038,156.690385,25410.0,16276.8
2024-06-08,3.750534,4.691039,1.350804,3.673042,36.785038,32.382304,156.727504,25410.0,16276.8
2024-06-09,3.750534,4.690963,1.352501,3.673048,36.919789,32.411101,156.838009,25410.0,16277.0
2024-06-10,3.750035,4.721037,1.352735,3.673009,36.731496,32.387797,157.044985,25422.5,16319.0
2024-06-11,3.7504,4.719501,1.35302,3.672982,36.7255,32.3828,157.084019,25442.5,16315.0
2024-06-12,3.750936,4.717501,1.352115,3.673006,36.687496,32.3714,157.350956,25442.5,16296.0
