date,USD,SAR,MYR,SGD,AED,THB,TRY,JPY,IDR
2023-06-13,4.2548665e-05,0.00016,0.000196,5.7109882e-05,0.000156,0.001476,0.001006,0.005965,0.63289
2023-06-14,4.2539615e-05,0.00016,0.000197,5.7034776e-05,0.000156,0.001475,0.001003,0.005955,0.634521
2023-06-15,4.2489909e-05,0.000159,0.000197,5.6793713e-05,0.000156,0.00147,0.001005,0.00596,0.63327
2023-06-16,4.2498938e-05,0.000159,0.000196,5.6963468e-05,0.000156,0.001469,0.001004,0.006028,0.635846
2023-06-17,4.2498938e-05,0.000159,0.000196,5.6963468e-05,0.000156,0.001469,0.001004,0.006028,0.635846
2023-06-18,4.2498938e-05,0.000159,0.000196,5.6850825e-05,0.000156,0.001474,0.001001,0.006029,0.634722
2023-06-19,4.2503453e-05,0.000159,0.000197,5.6989268e-05,0.000156,0.001477,0.001003,0.006031,0.638189
2023-06-20,4.2503453e-05,0.000159,0.000197,5.7090641e-05,0.000156,0.001481,0.001002,0.006007,0.638529
2023-06-21,4.2535091e-05,0.00016,0.000198,5.6989154e-05,0.000156,0.00148,0.001002,0.006027,0.6359
2023-06-22,4.250797e-05,0.000159,0.000198,5.7164506e-05,0.000156,0.001493,0.001058,0.00608,0.635154
2023-06-23,4.250797e-05,0.000159,0.000199,5.7409777e-05,0.000156,0.001498,0.001074,0.006108,0.639545
2023-06-24,4.250797e-05,0.000159,0.000199,5.7464416e-05,0.000156,0.001498,0.001074,0.006109,0.639545
2023-06-25,4.250797e-05,0.000159,0.000199,5.7460786e-05,0.000156,0.001497,0.001076,0.006102,0.637365
2023-06-26,4.2480884e-05,0.000159,0.000199,5.7501062e-05,0.000156,0.001497,0.001109,0.006094,0.639167
2023-06-27,4.2498938e-05,0.000159,0.000198,5.7360178e-05,0.000156,0.001499,0.001106,0.006115,0.636974
2023-06-28,4.2440318e-05,0.000159,0.000198,5.7409231e-05,0.000156,0.00151,0.001106,0.006128,0.636095
2023-06-29,4.2424114e-05,0.000159,0.000198,5.753622e-05,0.000156,0.001512,0.001105,0.006142,0.639374
2023-06-30,4.239983e-05,0.000159,0.000198,5.7333216e-05,0.000156,0.001495,0.001105,0.006119,0.637706
2023-07-01,4.239983e-05,0.000159,0.000198,5.7333216e-05,0.000156,0.001495,0.001105,0.006119,0.637706
2023-07-02,4.239983e-05,0.000159,0.000198,5.7348951e-05,0.000156,0.001497,0.001092,0.006123,0.635701
2023-07-03,4.2176297e-05,0.000158,0.000197,5.6971109e-05,0.000155,0.001478,0.001091,0.006098,0.635302
2023-07-04,4.2176297e-05,0.000158,0.000196,5.6908915e-05,0.000155,0.001471,0.001096,0.006091,0.633488
2023-07-05,4.2096401e-05,0.000158,0.000196,5.6968849e-05,0.000155,0.001472,0.001098,0.006083,0.634982
2023-07-06,4.2158516e-05,0.000158,0.000197,5.7043212e-05,0.000155,0.001484,0.001102,0.006069,0.640354
2023-07-07,4.2283298e-05,0.000159,0.000197,5.7095302e-05,0.000155,0.001482,0.001102,0.006008,0.641087
2023-07-08,4.2283298e-05,0.000159,0.000197,5.7078389e-05,0.000155,0.001486,0.001102,0.006009,0.641087
2023-07-09,4.2283298e-05,0.000159,0.000197,5.6925871e-05,0.000155,0.001486,0.001105,0.006013,0.639958
2023-07-10,4.2278829e-05,0.000159,0.000197,5.6841137e-05,0.000155,0.001482,0.001105,0.005974,0.643611
2023-07-11,4.2194093e-05,0.000158,0.000197,5.6556751e-05,0.000155,0.001467,0.001102,0.005912,0.639717
2023-07-12,4.2243109e-05,0.000158,0.000196,5.6163692e-05,0.000155,0.001464,0.001107,0.005843,0.630901
2023-07-13,4.2238648e-05,0.000158,0.000194,5.5865055e-05,0.000155,0.00146,0.001101,0.005832,0.631932
2023-07-14,4.2296711e-05,0.000159,0.000191,5.587835e-05,0.000155,0.001464,0.001107,0.005866,0.634578
2023-07-15,4.2296711e-05,0.000159,0.000191,5.5869891e-05,0.000155,0.001464,0.001107,0.005867,0.634578
2023-07-16,4.2296711e-05,0.000159,0.000191,5.5894893e-05,0.000155,0.001465,0.001111,0.005866,0.632674
2023-07-17,4.2301184e-05,0.000159,0.000193,5.5919839e-05,0.000155,0.001464,0.001116,0.005868,0.633968
2023-07-18,4.2296711e-05,0.000159,0.000192,5.5951147e-05,0.000155,0.001441,0.00114,0.005881,0.634049
2023-07-19,4.2301184e-05,0.000159,0.000192,5.6043782e-05,0.000155,0.001439,0.001135,0.005905,0.634475
2023-07-20,4.2277041e-05,0.000159,0.000192,5.6093199e-05,0.000155,0.001446,0.001135,0.005913,0.636523
2023-07-21,4.2269893e-05,0.000159,0.000193,5.6257166e-05,0.000155,0.001465,0.00114,0.005993,0.635881
2023-07-22,4.2269893e-05,0.000158,0.000193,5.6244485e-05,0.000155,0.001455,0.00114,0.005993,0.635881
2023-07-23,4.2269893e-05,0.000159,0.000193,5.6270109e-05,0.000155,0.001455,0.001139,0.005992,0.635105
2023-07-24,4.2238648e-05,0.000158,0.000193,5.6257867e-05,0.000155,0.00146,0.001139,0.005978,0.634889
2023-07-25,4.2256497e-05,0.000158,0.000193,5.6112614e-05,0.000155,0.001455,0.001138,0.005955,0.63539
2023-07-26,4.2238648e-05,0.000158,0.000194,5.6001901e-05,0.000155,0.001447,0.001138,0.005929,0.634171
2023-07-27,4.2252926e-05,0.000159,0.000191,5.6236408e-05,0.000155,0.001457,0.001139,0.005868,0.638104
2023-07-28,4.2202996e-05,0.000158,0.000192,5.6168132e-05,0.000155,0.001432,0.001136,0.005957,0.637582
2023-07-29,4.2202996e-05,0.000158,0.000192,5.6168132e-05,0.000155,0.001432,0.001136,0.005957,0.637582
2023-07-30,4.2202996e-05,0.000158,0.000192,5.6187592e-05,0.000155,0.001446,0.001136,0.005941,0.637054
2023-07-31,4.2216359e-05,0.000158,0.000191,5.6139947e-05,0.000155,0.001447,0.001138,0.006009,0.637931
2023-08-01,4.2211904e-05,0.000158,0.000191,5.634105e-05,0.000155,0.001448,0.001139,0.006035,0.639067
2023-08-02,4.2127435e-05,0.000158,0.000192,5.6514796e-05,0.000155,0.001452,0.001136,0.006039,0.641474
2023-08-03,4.2087542e-05,0.000158,0.000191,5.6440359e-05,0.000155,0.001455,0.001144,0.006002,0.638384
2023-08-04,4.2131873e-05,0.000158,0.000192,5.6418955e-05,0.000155,0.001461,0.001135,0.005972,0.63842
2023-08-05,4.2131873e-05,0.000158,0.000192,5.6418955e-05,0.000155,0.001461,0.001135,0.005972,0.63842
2023-08-06,4.2131873e-05,0.000158,0.000192,5.6435433e-05,0.000155,0.001459,0.001138,0.005978,0.639141
2023-08-07,4.214075e-05,0.000158,0.000192,5.6506303e-05,0.000155,0.001468,0.001138,0.006006,0.642183
2023-08-08,4.2122999e-05,0.000158,0.000193,5.6774634e-05,0.000155,0.001475,0.001139,0.006035,0.640762
2023-08-09,4.2114129e-05,0.000158,0.000193,5.6694874e-05,0.000155,0.001477,0.001137,0.006053,0.640724
2023-08-10,4.2109696e-05,0.000158,0.000193,5.6830412e-05,0.000155,0.001479,0.001142,0.0061,0.642741
2023-08-11,4.2087542e-05,0.000158,0.000193,5.690673e-05,0.000155,0.001476,0.00114,0.006099,0.644931
2023-08-12,4.2087542e-05,0.000158,0.000193,5.690673e-05,0.000155,0.001476,0.00114,0.006099,0.644931
2023-08-13,4.2087542e-05,0.000158,0.000193,5.6955177e-05,0.000155,0.001478,0.001141,0.006095,0.644949
2023-08-14,4.1972718e-05,0.000157,0.000194,5.6902204e-05,0.000154,0.001479,0.001136,0.006105,0.644447
2023-08-15,4.1710115e-05,0.000156,0.000193,5.6651721e-05,0.000153,0.001477,0.001129,0.006074,0.638905
2023-08-16,4.1762372e-05,0.000157,0.000193,5.6814993e-05,0.000153,0.001483,0.001131,0.006111,0.641846
2023-08-17,4.1902367e-05,0.000157,0.000195,5.6901948e-05,0.000154,0.001487,0.001137,0.006106,0.643694
2023-08-18,4.1981528e-05,0.000157,0.000195,5.703822e-05,0.000154,0.001493,0.001138,0.006105,0.643199
2023-08-19,4.1981528e-05,0.000157,0.000195,5.703822e-05,0.000154,0.001493,0.001138,0.006105,0.643199
2023-08-20,4.1981528e-05,0.000157,0.000195,5.6961167e-05,0.000154,0.001485,0.00114,0.0061,0.641688
2023-08-21,4.1981528e-05,0.000157,0.000195,5.6983837e-05,0.000154,0.001477,0.001142,0.006139,0.643354
2023-08-22,4.1981528e-05,0.000157,0.000195,5.6996432e-05,0.000154,0.001471,0.001142,0.00612,0.643325
2023-08-23,4.1762372e-05,0.000157,0.000194,5.6475343e-05,0.000153,0.001459,0.001136,0.006042,0.639008
2023-08-24,4.1657988e-05,0.000156,0.000194,5.6542425e-05,0.000153,0.001458,0.001079,0.006085,0.635118
2023-08-25,4.1657988e-05,0.000156,0.000193,5.6494497e-05,0.000153,0.001464,0.001106,0.0061,0.637284
2023-08-26,4.1657988e-05,0.000156,0.000193,5.6494497e-05,0.000153,0.001464,0.001106,0.0061,0.637284
2023-08-27,4.1657988e-05,0.000156,0.000193,5.6468027e-05,0.000153,0.001462,0.001098,0.006104,0.637159
2023-08-28,4.1502386e-05,0.000156,0.000193,5.6243954e-05,0.000152,0.001463,0.001092,0.006079,0.633374
2023-08-29,4.1339396e-05,0.000155,0.000192,5.5831234e-05,0.000152,0.001447,0.001098,0.006035,0.628423
2023-08-30,4.1442188e-05,0.000155,0.000192,5.5935778e-05,0.000152,0.001452,0.001106,0.006055,0.630874
2023-08-31,4.1519618e-05,0.000156,0.000193,5.608474e-05,0.000153,0.001454,0.001108,0.00604,0.632676
2023-09-01,4.1519618e-05,0.000156,0.000193,5.6184509e-05,0.000153,0.001468,0.001109,0.00607,0.632144
2023-09-02,4.1519618e-05,0.000156,0.000193,5.6184509e-05,0.000153,0.001468,0.001109,0.00607,0.632144
2023-09-03,4.1519618e-05,0.000156,0.000193,5.621777e-05,0.000153,0.001458,0.001104,0.006064,0.632759
2023-09-04,4.1519618e-05,0.000156,0.000193,5.6279856e-05,0.000153,0.001464,0.001112,0.006084,0.63251
2023-09-05,4.1554124e-05,0.000156,0.000193,5.65508e-05,0.000153,0.001473,0.001113,0.006128,0.636609
2023-09-06,4.156276e-05,0.000156,0.000194,5.66968e-05,0.000153,0.001478,0.001115,0.006139,0.637697
2023-09-07,4.1545492e-05,0.000156,0.000194,5.6731617e-05,0.000153,0.001481,0.001116,0.006121,0.637682
2023-09-08,4.1567079e-05,0.000156,0.000194,5.6722598e-05,0.000153,0.001487,0.001116,0.006143,0.639372
2023-09-09,4.1567079e-05,0.000156,0.000194,5.6722598e-05,0.000153,0.001487,0.001116,0.006143,0.639372
2023-09-10,4.1567079e-05,0.000156,0.000194,5.6695875e-05,0.000153,0.001476,0.001116,0.006115,0.637015
2023-09-11,4.1519618e-05,0.000156,0.000194,5.6491718e-05,0.000153,0.001474,0.001116,0.00609,0.637474
2023-09-12,4.1467966e-05,0.000156,0.000194,5.6426684e-05,0.000152,0.001476,0.001116,0.006102,0.636848
2023-09-13,4.1467966e-05,0.000156,0.000194,5.6442438e-05,0.000152,0.001482,0.001115,0.00611,0.636948
2023-09-14,4.1271151e-05,0.000155,0.000193,5.6309113e-05,0.000152,0.001477,0.001112,0.006087,0.635658
2023-09-15,4.1211622e-05,0.000155,0.000193,5.6192207e-05,0.000151,0.001471,0.001112,0.00609,0.633299
2023-09-16,4.1211622e-05,0.000155,0.000193,5.6192207e-05,0.000151,0.001471,0.001112,0.00609,0.633299
2023-09-17,4.1211622e-05,0.000155,0.000193,5.6164228e-05,0.000151,0.001472,0.00111,0.006094,0.632722
2023-09-18,4.1008817e-05,0.000154,0.000192,5.5914706e-05,0.000151,0.001463,0.001107,0.006053,0.630777
2023-09-19,4.1008817e-05,0.000154,0.000193,5.5952534e-05,0.000151,0.001477,0.001108,0.006059,0.631218
2023-09-20,4.1169205e-05,0.000154,0.000193,5.6249603e-05,0.000151,0.001492,0.001113,0.006107,0.632688
2023-09-21,4.1109969e-05,0.000154,0.000193,5.6185408e-05,0.000151,0.001485,0.001115,0.00607,0.633408
2023-09-22,4.1029849e-05,0.000154,0.000192,5.6042831e-05,0.000151,0.001476,0.001115,0.006084,0.630097
2023-09-23,4.1029849e-05,0.000154,0.000192,5.6042831e-05,0.000151,0.001476,0.001115,0.006084,0.630097
2023-09-24,4.1029849e-05,0.000154,0.000192,5.6042466e-05,0.000151,0.001476,0.001116,0.00609,0.630834
2023-09-25,4.0992007e-05,0.000154,0.000192,5.6006764e-05,0.000151,0.001483,0.001116,0.0061,0.631769
2023-09-26,4.1008817e-05,0.000154,0.000192,5.6157357e-05,0.000151,0.001494,0.001122,0.006112,0.635637
2023-09-27,4.0983607e-05,0.000154,0.000193,5.6270081e-05,0.000151,0.001503,0.00112,0.006127,0.638361
2023-09-28,4.0983607e-05,0.000154,0.000193,5.5987724e-05,0.000151,0.001499,0.001126,0.006121,0.634467
2023-09-29,4.1143798e-05,0.000154,0.000193,5.6206702e-05,0.000151,0.001516,0.001128,0.006146,0.637455
2023-09-30,4.1143798e-05,0.000154,0.000193,5.6206702e-05,0.000151,0.001516,0.001128,0.006146,0.637455
2023-10-01,4.1143798e-05,0.000154,0.000193,5.6244188e-05,0.000151,0.001509,0.001131,0.006153,0.635877
2023-10-02,4.1059331e-05,0.000154,0.000194,5.6392516e-05,0.000151,0.001521,0.001128,0.006153,0.638144
2023-10-03,4.0992007e-05,0.000154,0.000194,5.6302726e-05,0.000151,0.001521,0.001129,0.006116,0.640644
2023-10-04,4.0924903e-05,0.000153,0.000194,5.6143631e-05,0.00015,0.001514,0.001128,0.006097,0.638347
2023-10-05,4.0983607e-05,0.000154,0.000194,5.6042828e-05,0.000151,0.001514,0.001131,0.006085,0.640902
2023-10-06,4.1008817e-05,0.000154,0.000194,5.5919782e-05,0.000151,0.001515,0.001133,0.00612,0.641712
2023-10-07,4.1008817e-05,0.000154,0.000194,5.5919782e-05,0.000151,0.001515,0.001133,0.00612,0.641712
2023-10-08,4.1008817e-05,0.000154,0.000193,5.6038403e-05,0.000151,0.001515,0.001137,0.006117,0.640148
2023-10-09,4.1008817e-05,0.000154,0.000194,5.5943203e-05,0.000151,0.001514,0.001137,0.006083,0.644175
2023-10-10,4.097521e-05,0.000154,0.000194,5.5841428e-05,0.000151,0.001499,0.001136,0.00609,0.644448
2023-10-11,4.0899796e-05,0.000153,0.000193,5.5731711e-05,0.00015,0.00149,0.001134,0.006096,0.642127
2023-10-12,4.0908161e-05,0.000153,0.000193,5.6026386e-05,0.00015,0.00149,0.001139,0.006128,0.64414
2023-10-13,4.0891433e-05,0.000153,0.000193,5.6041868e-05,0.00015,0.001485,0.001137,0.006116,0.642118
2023-10-14,4.0891433e-05,0.000153,0.000193,5.6041868e-05,0.00015,0.001485,0.001137,0.006116,0.642118
2023-10-15,4.0891433e-05,0.000153,0.000193,5.5984666e-05,0.00015,0.00148,0.001133,0.006116,0.6413
2023-10-16,4.0858018e-05,0.000153,0.000194,5.5913994e-05,0.00015,0.001483,0.001139,0.006112,0.640735
2023-10-17,4.0816327e-05,0.000153,0.000193,5.5861288e-05,0.00015,0.001485,0.001141,0.006113,0.642218
2023-10-18,4.0700041e-05,0.000153,0.000193,5.5897367e-05,0.000149,0.001481,0.001142,0.006095,0.64363
2023-10-19,4.0708325e-05,0.000153,0.000194,5.5880114e-05,0.00015,0.001483,0.001141,0.006098,0.645756
2023-10-20,4.0749796e-05,0.000153,0.000194,5.5965929e-05,0.00015,0.001487,0.00114,0.006107,0.647056
2023-10-21,4.0749796e-05,0.000153,0.000194,5.5965929e-05,0.00015,0.001487,0.00114,0.006107,0.647056
2023-10-22,4.0749796e-05,0.000153,0.000194,5.5934189e-05,0.00015,0.001489,0.001143,0.006108,0.646903
2023-10-23,4.0650407e-05,0.000152,0.000194,5.5561179e-05,0.000149,0.001476,0.001142,0.006088,0.646687
2023-10-24,4.0716612e-05,0.000153,0.000195,5.5701344e-05,0.00015,0.001473,0.001145,0.006102,0.646336
2023-10-25,4.069176e-05,0.000153,0.000195,5.5845168e-05,0.000149,0.001474,0.001146,0.006108,0.647854
2023-10-26,4.0640494e-05,0.000152,0.000195,5.5627286e-05,0.000149,0.001472,0.001145,0.006111,0.647281
2023-10-27,4.0683483e-05,0.000153,0.000194,5.5683641e-05,0.000149,0.00147,0.001145,0.006088,0.647303
2023-10-28,4.0683483e-05,0.000153,0.000194,5.5683641e-05,0.000149,0.00147,0.001145,0.006088,0.647303
2023-10-29,4.0683483e-05,0.000153,0.000194,5.574105e-05,0.000149,0.001469,0.00115,0.006091,0.647303
2023-10-30,4.0703354e-05,0.000153,0.000194,5.5554176e-05,0.00015,0.001462,0.001151,0.00607,0.645148
2023-10-31,4.0704182e-05,0.000153,0.000194,5.5744454e-05,0.00015,0.00147,0.001152,0.006159,0.644956
2023-11-01,4.0662804e-05,0.000153,0.000194,5.5568364e-05,0.000149,0.001466,0.001152,0.006124,0.646864
2023-11-02,4.0687621e-05,0.000153,0.000193,5.5537789e-05,0.000149,0.001464,0.001156,0.006123,0.64498
2023-11-03,4.0758101e-05,0.000153,0.000193,5.5117338e-05,0.00015,0.001451,0.001157,0.006088,0.635382
2023-11-04,4.0758101e-05,0.000153,0.000193,5.5117338e-05,0.00015,0.001451,0.001157,0.006088,0.635382
2023-11-05,4.0758101e-05,0.000153,0.000193,5.5169753e-05,0.00015,0.001448,0.001159,0.006092,0.635382
2023-11-06,4.1076196e-05,0.000154,0.00019,5.5497974e-05,0.000151,0.00146,0.001169,0.006161,0.639844
2023-11-07,4.1109969e-05,0.000154,0.000191,5.5675367e-05,0.000151,0.001461,0.001172,0.006182,0.643412
2023-11-08,4.1017227e-05,0.000154,0.000192,5.5635959e-05,0.000151,0.001458,0.00117,0.006188,0.640812
2023-11-09,4.1067762e-05,0.000154,0.000193,5.5876591e-05,0.000151,0.00147,0.001172,0.006216,0.645339
2023-11-10,4.1109969e-05,0.000154,0.000193,5.5946717e-05,0.000151,0.001496,0.001174,0.006229,0.645182
2023-11-11,4.1109969e-05,0.000154,0.000193,5.5946717e-05,0.000151,0.001496,0.001174,0.006229,0.645182
2023-11-12,4.1109969e-05,0.000154,0.000193,5.5913762e-05,0.000151,0.001484,0.001174,0.006227,0.645182
2023-11-13,4.1012181e-05,0.000154,0.000193,5.5732478e-05,0.000151,0.001476,0.001173,0.00622,0.64319
2023-11-14,4.1020592e-05,0.000154,0.000194,5.5341086e-05,0.000151,0.001457,0.001175,0.006172,0.634137
2023-11-15,4.1172596e-05,0.000154,0.000192,5.558588e-05,0.000151,0.001463,0.001181,0.006227,0.638968
2023-11-16,4.1168358e-05,0.000154,0.000192,5.5458331e-05,0.000151,0.00145,0.001182,0.006205,0.637451
2023-11-17,4.1211622e-05,0.000155,0.000193,5.5392701e-05,0.000151,0.001459,0.001182,0.006163,0.63566
2023-11-18,4.1211622e-05,0.000155,0.000193,5.5396822e-05,0.000151,0.001459,0.001182,0.006163,0.63566
2023-11-19,4.1211622e-05,0.000155,0.000193,5.5373586e-05,0.000151,0.001447,0.001183,0.00618,0.63566
2023-11-20,4.1356493e-05,0.000155,0.000193,5.5319283e-05,0.000152,0.001455,0.00119,0.006136,0.636437
2023-11-21,4.1425021e-05,0.000155,0.000193,5.54215e-05,0.000152,0.001458,0.001193,0.006137,0.642732
2023-11-22,4.1296717e-05,0.000155,0.000193,5.5428384e-05,0.000152,0.001456,0.001191,0.006172,0.646541
2023-11-23,4.1241365e-05,0.000155,0.000193,5.5308955e-05,0.000151,0.001456,0.00119,0.006171,0.644788
2023-11-24,4.1194645e-05,0.000154,0.000193,5.5217462e-05,0.000151,0.001458,0.001189,0.006157,0.63986
2023-11-25,4.1194645e-05,0.000154,0.000193,5.5217462e-05,0.000151,0.001458,0.001189,0.006157,0.63986
2023-11-26,4.1194645e-05,0.000154,0.000193,5.5200013e-05,0.000151,0.001458,0.001189,0.006162,0.63986
2023-11-27,4.1254125e-05,0.000155,0.000193,5.5130781e-05,0.000152,0.001445,0.001193,0.006124,0.639645
2023-11-28,4.1253274e-05,0.000155,0.000193,5.4877188e-05,0.000152,0.00143,0.001193,0.006067,0.633217
2023-11-29,4.1203131e-05,0.000155,0.000193,5.4904815e-05,0.000151,0.001435,0.001193,0.006059,0.636939
2023-11-30,4.1220115e-05,0.000155,0.000192,5.5119498e-05,0.000151,0.001454,0.001192,0.006102,0.641325
2023-12-01,4.1152263e-05,0.000154,0.000192,5.4880819e-05,0.000151,0.001435,0.001189,0.006042,0.634265
2023-12-02,4.1169205e-05,0.000154,0.000192,5.4903413e-05,0.000151,0.001436,0.00119,0.006045,0.635395
2023-12-03,4.1169205e-05,0.000154,0.000192,5.4862494e-05,0.000151,0.001431,0.00119,0.006027,0.635395
2023-12-04,4.1228613e-05,0.000155,0.000193,5.5151559e-05,0.000151,0.001453,0.001192,0.006074,0.638318
2023-12-05,4.1201434e-05,0.000154,0.000192,5.5246813e-05,0.000151,0.001452,0.001192,0.006064,0.637139
2023-12-06,4.1187858e-05,0.000154,0.000192,5.5264236e-05,0.000151,0.001451,0.001191,0.006061,0.638988
2023-12-07,4.1181921e-05,0.000154,0.000192,5.516856e-05,0.000151,0.001447,0.001191,0.005942,0.638608
2023-12-08,4.1271151e-05,0.000155,0.000193,5.534619e-05,0.000152,0.001472,0.001194,0.005979,0.642716
2023-12-09,4.1271151e-05,0.000155,0.000193,5.534619e-05,0.000152,0.001472,0.001194,0.005979,0.642716
2023-12-10,4.1271151e-05,0.000155,0.000193,5.5363193e-05,0.000152,0.001464,0.001195,0.005983,0.642716
2023-12-11,4.1224364e-05,0.000155,0.000193,5.5401238e-05,0.000151,0.001472,0.001194,0.006022,0.645326
2023-12-12,4.1203131e-05,0.000155,0.000193,5.5262258e-05,0.000151,0.00147,0.001196,0.005986,0.64178
2023-12-13,4.1184465e-05,0.000155,0.000193,5.4892304e-05,0.000151,0.001446,0.001194,0.00588,0.63242
2023-12-14,4.1232863e-05,0.000155,0.000193,5.4773941e-05,0.000151,0.001439,0.001195,0.005867,0.638079
2023-12-15,4.1194645e-05,0.000155,0.000192,5.4955229e-05,0.000151,0.001437,0.001194,0.005855,0.639705
2023-12-16,4.1194645e-05,0.000155,0.000192,5.4949697e-05,0.000151,0.001437,0.001194,0.005854,0.639705
2023-12-17,4.1194645e-05,0.000155,0.000192,5.4924003e-05,0.000151,0.001441,0.001192,0.005862,0.639705
2023-12-18,4.1050903e-05,0.000154,0.000193,5.4686773e-05,0.000151,0.001435,0.001193,0.005859,0.634319
2023-12-19,4.1055116e-05,0.000154,0.000192,5.4553884e-05,0.000151,0.00143,0.001194,0.005908,0.634794
2023-12-20,4.1076196e-05,0.000154,0.000191,5.4706097e-05,0.000151,0.001437,0.001197,0.005896,0.641035
2023-12-21,4.1101521e-05,0.000154,0.000191,5.4529419e-05,0.000151,0.001426,0.001198,0.005839,0.634854
2023-12-22,4.1237113e-05,0.000155,0.000192,5.4622841e-05,0.000151,0.001425,0.0012,0.005872,0.637808
2023-12-23,4.1237113e-05,0.000155,0.000192,5.4640749e-05,0.000151,0.001427,0.0012,0.005873,0.637808
2023-12-24,4.1237113e-05,0.000155,0.000192,5.4585361e-05,0.000151,0.001427,0.001202,0.005874,0.637808
2023-12-25,4.1245618e-05,0.000155,0.000191,5.4654515e-05,0.000151,0.001426,0.001209,0.005867,0.637946
2023-12-26,4.1093076e-05,0.000154,0.000191,5.4382773e-05,0.000151,0.00142,0.001204,0.005854,0.633121
2023-12-27,4.1050903e-05,0.000154,0.00019,5.417344e-05,0.000151,0.001407,0.001207,0.005805,0.631363
2023-12-28,4.1237113e-05,0.000155,0.00019,5.4445335e-05,0.000151,0.001414,0.001218,0.005832,0.64
2023-12-29,4.1203131e-05,0.000155,0.000189,5.4417136e-05,0.000151,0.001438,0.001215,0.005811,0.63412
2023-12-30,4.1203131e-05,0.000155,0.000189,5.4417136e-05,0.000151,0.001438,0.001215,0.005811,0.63412
2023-12-31,4.1203131e-05,0.000155,0.000189,5.4368562e-05,0.000151,0.001419,0.00121,0.005811,0.63412
2024-01-01,4.1203131e-05,0.000155,0.000189,5.4379794e-05,0.000151,0.001415,0.001218,0.005815,0.634116
2024-01-02,4.1093076e-05,0.000154,0.000189,5.4506061e-05,0.000151,0.001408,0.001223,0.005842,0.637148
2024-01-03,4.1008817e-05,0.000154,0.000189,5.4478778e-05,0.000151,0.001413,0.001222,0.005864,0.638179
2024-01-04,4.1034058e-05,0.000154,0.00019,5.4554395e-05,0.000151,0.001417,0.001225,0.005941,0.636769
2024-01-05,4.1017227e-05,0.000154,0.000191,5.4581784e-05,0.000151,0.001422,0.001223,0.005933,0.635904
2024-01-06,4.1017227e-05,0.000154,0.000191,5.4581784e-05,0.000151,0.001422,0.001223,0.005933,0.635904
2024-01-07,4.1017227e-05,0.000154,0.000191,5.4542239e-05,0.000151,0.001422,0.001225,0.005937,0.635904
2024-01-08,4.1076196e-05,0.000154,0.000191,5.457836e-05,0.000151,0.001436,0.001229,0.005925,0.636969
2024-01-09,4.1034058e-05,0.000154,0.000191,5.4617357e-05,0.000151,0.001433,0.00123,0.005927,0.637778
2024-01-10,4.0950041e-05,0.000154,0.00019,5.4516798e-05,0.00015,0.001435,0.001223,0.005968,0.637265
2024-01-11,4.0832993e-05,0.000153,0.00019,5.4320332e-05,0.00015,0.00143,0.001228,0.005923,0.635463
2024-01-12,4.0807998e-05,0.000153,0.00019,5.4384978e-05,0.00015,0.001424,0.001228,0.005912,0.634083
2024-01-13,4.0807998e-05,0.000153,0.00019,5.4384978e-05,0.00015,0.001426,0.001228,0.005912,0.634083
2024-01-14,4.0807998e-05,0.000153,0.00019,5.4357057e-05,0.00015,0.001427,0.001228,0.005924,0.634083
2024-01-15,4.0849673e-05,0.000153,0.000191,5.4495711e-05,0.00015,0.001429,0.001229,0.005955,0.635703
2024-01-16,4.0783034e-05,0.000153,0.00019,5.4751427e-05,0.00015,0.001444,0.001229,0.006005,0.63752
2024-01-17,4.0783034e-05,0.000153,0.000192,5.4830139e-05,0.00015,0.001452,0.001229,0.006041,0.63748
2024-01-18,4.0716612e-05,0.000153,0.000192,5.471376e-05,0.00015,0.001447,0.001228,0.006031,0.636018
2024-01-19,4.0733198e-05,0.000153,0.000192,5.461523e-05,0.00015,0.001446,0.00123,0.006034,0.636238
2024-01-20,4.0733198e-05,0.000153,0.000192,5.461523e-05,0.00015,0.001446,0.00123,0.006034,0.636238
2024-01-21,4.0733198e-05,0.000153,0.000192,5.4610794e-05,0.00015,0.001448,0.001231,0.006034,0.636238
2024-01-22,4.0708325e-05,0.000153,0.000192,5.4640545e-05,0.00015,0.001451,0.001232,0.006031,0.637621
2024-01-23,4.069176e-05,0.000153,0.000192,5.4566023e-05,0.000149,0.001453,0.001232,0.006034,0.639878
2024-01-24,4.0633889e-05,0.000152,0.000192,5.4440675e-05,0.000149,0.001452,0.001229,0.005996,0.638832
2024-01-25,4.0629761e-05,0.000152,0.000192,5.4458516e-05,0.000149,0.001452,0.001231,0.006002,0.64256
2024-01-26,4.0642146e-05,0.000152,0.000192,5.4590689e-05,0.000149,0.001448,0.001233,0.006023,0.64114
2024-01-27,4.0642146e-05,0.000152,0.000192,5.4590689e-05,0.000149,0.001448,0.001233,0.006023,0.64114
2024-01-28,4.0642146e-05,0.000152,0.000192,5.4544402e-05,0.000149,0.001448,0.001233,0.006021,0.64114
2024-01-29,4.0749796e-05,0.000153,0.000193,5.4592706e-05,0.00015,0.001444,0.001237,0.00601,0.645273
2024-01-30,4.0966817e-05,0.000154,0.000194,5.4871569e-05,0.00015,0.00145,0.001244,0.006038,0.646948
2024-01-31,4.0941658e-05,0.000154,0.000194,5.4882699e-05,0.00015,0.001457,0.001243,0.006019,0.645896
2024-02-01,4.0966817e-05,0.000154,0.000194,5.4759945e-05,0.00015,0.001447,0.001247,0.006,0.644531
2024-02-02,4.1067762e-05,0.000154,0.000194,5.5199339e-05,0.000151,0.001455,0.001253,0.006093,0.646045
2024-02-03,4.1067762e-05,0.000154,0.000194,5.5199339e-05,0.000151,0.001455,0.001253,0.006093,0.646045
2024-02-04,4.1067762e-05,0.000154,0.000194,5.5174743e-05,0.000151,0.001462,0.001259,0.006099,0.646045
2024-02-05,4.1013022e-05,0.000154,0.000195,5.5247006e-05,0.000151,0.001467,0.001253,0.006096,0.64698
2024-02-06,4.1034058e-05,0.000154,0.000196,5.513808e-05,0.000151,0.001459,0.001255,0.006066,0.645876
2024-02-07,4.0941658e-05,0.000154,0.000195,5.4998574e-05,0.00015,0.001457,0.001253,0.006063,0.640901
2024-02-08,4.0941658e-05,0.000154,0.000195,5.5143705e-05,0.00015,0.001467,0.001256,0.006111,0.641353
2024-02-09,4.0941658e-05,0.000154,0.000195,5.5111725e-05,0.00015,0.00147,0.001256,0.006113,0.639159
2024-02-10,4.0941658e-05,0.000154,0.000195,5.5109535e-05,0.00015,0.00147,0.001256,0.006114,0.639159
2024-02-11,4.0941658e-05,0.000154,0.000195,5.507738e-05,0.00015,0.001469,0.001256,0.006107,0.639159
2024-02-12,4.0941658e-05,0.000154,0.000195,5.5059574e-05,0.00015,0.00147,0.001258,0.006117,0.638076
2024-02-13,4.0941658e-05,0.000154,0.000195,5.5316224e-05,0.00015,0.001478,0.001258,0.006171,0.641515
2024-02-14,4.0941658e-05,0.000154,0.000196,5.5181372e-05,0.00015,0.001477,0.001259,0.006164,0.639998
2024-02-15,4.0878896e-05,0.000153,0.000195,5.5008482e-05,0.00015,0.001474,0.00126,0.00613,0.64094
2024-02-16,4.0766408e-05,0.000153,0.000195,5.5033037e-05,0.00015,0.001457,0.001257,0.006124,0.638223
2024-02-17,4.0766408e-05,0.000153,0.000195,5.5033037e-05,0.00015,0.001457,0.001257,0.006124,0.638223
2024-02-18,4.0766408e-05,0.000153,0.000195,5.4847162e-05,0.00015,0.001466,0.001257,0.006119,0.638223
2024-02-19,4.0753948e-05,0.000153,0.000195,5.4870097e-05,0.00015,0.001472,0.001258,0.006124,0.637433
2024-02-20,4.0758101e-05,0.000153,0.000196,5.4767456e-05,0.00015,0.001467,0.00126,0.006111,0.638598
2024-02-21,4.0758101e-05,0.000153,0.000195,5.4778276e-05,0.00015,0.001463,0.001264,0.006128,0.63819
2024-02-22,4.0646276e-05,0.000152,0.000194,5.4579724e-05,0.000149,0.001461,0.001263,0.006117,0.633844
2024-02-23,4.0584416e-05,0.000152,0.000194,5.4506419e-05,0.000149,0.001458,0.001251,0.006107,0.632879
2024-02-24,4.0584416e-05,0.000152,0.000194,5.4506419e-05,0.000149,0.001458,0.001251,0.006107,0.632879
2024-02-25,4.0584416e-05,0.000152,0.000194,5.4521921e-05,0.000149,0.00146,0.001262,0.006108,0.632879
2024-02-26,4.0535063e-05,0.000152,0.000194,5.4492484e-05,0.000149,0.001457,0.001262,0.006103,0.634049
2024-02-27,4.0592653e-05,0.000152,0.000193,5.4555296e-05,0.000149,0.001457,0.001265,0.00611,0.635681
2024-02-28,4.0600893e-05,0.000152,0.000194,5.4648481e-05,0.000149,0.00146,0.001267,0.006116,0.638697
2024-02-29,4.0567951e-05,0.000152,0.000193,5.4603652e-05,0.000149,0.001455,0.00127,0.006089,0.637363
2024-03-01,4.0559724e-05,0.000152,0.000192,5.4544875e-05,0.000149,0.001447,0.001273,0.006088,0.636867
2024-03-02,4.0559724e-05,0.000152,0.000192,5.4544875e-05,0.000149,0.001447,0.001273,0.006088,0.636867
2024-03-03,4.0559724e-05,0.000152,0.000192,5.4507605e-05,0.000149,0.001453,0.001274,0.006089,0.636867
2024-03-04,4.050879e-05,0.000152,0.000191,5.4420309e-05,0.000149,0.001449,0.001279,0.006095,0.638945
2024-03-05,4.0481733e-05,0.000152,0.000192,5.4365955e-05,0.000149,0.00145,0.001283,0.006073,0.637911
2024-03-06,4.0518639e-05,0.000152,0.000192,5.423359e-05,0.000149,0.001444,0.001289,0.006048,0.63513
2024-03-07,4.0502228e-05,0.000152,0.000192,5.3992102e-05,0.000149,0.00144,0.001294,0.005989,0.632969
2024-03-08,4.0559724e-05,0.000152,0.00019,5.4082494e-05,0.000149,0.001435,0.001292,0.005965,0.630351
2024-03-09,4.0559724e-05,0.000152,0.00019,5.4082494e-05,0.000149,0.001435,0.001292,0.005965,0.630351
2024-03-10,4.0559724e-05,0.000152,0.00019,5.3999797e-05,0.000149,0.001437,0.001299,0.005953,0.630351
2024-03-11,4.0572066e-05,0.000152,0.00019,5.3969376e-05,0.000149,0.001436,0.0013,0.005953,0.629881
2024-03-12,4.0563837e-05,0.000152,0.00019,5.4043119e-05,0.000149,0.00145,0.001302,0.005989,0.631214
2024-03-13,4.0518639e-05,0.000152,0.00019,5.3967382e-05,0.000149,0.001444,0.001302,0.005982,0.631321
2024-03-14,4.048583e-05,0.000152,0.00019,5.4102825e-05,0.000149,0.001448,0.001304,0.006004,0.633109
2024-03-15,4.0445712e-05,0.000152,0.00019,5.4084163e-05,0.000149,0.00145,0.001298,0.006028,0.632838
2024-03-16,4.0445712e-05,0.000152,0.00019,5.4084163e-05,0.000149,0.00145,0.001298,0.006028,0.632838
2024-03-17,4.0445712e-05,0.000152,0.00019,5.4123845e-05,0.000149,0.001453,0.001307,0.006025,0.632838
2024-03-18,4.0444894e-05,0.000152,0.000191,5.4167043e-05,0.000149,0.001455,0.001308,0.006032,0.637209
2024-03-19,4.040404e-05,0.000152,0.000191,5.4241818e-05,0.000148,0.001458,0.001309,0.006103,0.635354
2024-03-20,4.0338846e-05,0.000151,0.000191,5.4016337e-05,0.000148,0.001449,0.001308,0.006082,0.633078
2024-03-21,4.0338846e-05,0.000151,0.00019,5.4199254e-05,0.000148,0.001465,0.001297,0.006117,0.634399
2024-03-22,4.0371417e-05,0.000151,0.000191,5.4457162e-05,0.000147,0.001464,0.001292,0.006113,0.63844
2024-03-23,4.0371417e-05,0.000151,0.000191,5.4457162e-05,0.000148,0.001464,0.001292,0.006113,0.63844
2024-03-24,4.0371417e-05,0.000151,0.000191,5.4485466e-05,0.000148,0.001467,0.001298,0.006109,0.63844
2024-03-25,4.040404e-05,0.000152,0.000191,5.4379192e-05,0.000148,0.001469,0.0013,0.006116,0.638303
2024-03-26,4.0355125e-05,0.000151,0.000191,5.4292166e-05,0.000148,0.001466,0.0013,0.006115,0.639023
2024-03-27,4.0330712e-05,0.000151,0.000191,5.4397671e-05,0.000148,0.001468,0.001303,0.006102,0.640613
2024-03-28,4.0330712e-05,0.000151,0.000191,5.4445231e-05,0.000148,0.001469,0.001309,0.006108,0.640613
2024-03-29,4.0302267e-05,0.000151,0.00019,5.4371945e-05,0.000148,0.001465,0.001305,0.0061,0.640004
2024-03-30,4.0302267e-05,0.000151,0.00019,5.4371945e-05,0.000148,0.00147,0.001304,0.0061,0.640004
2024-03-31,4.0302267e-05,0.000151,0.00019,5.4317985e-05,0.000148,0.001468,0.001307,0.006102,0.638992
2024-04-01,4.0314453e-05,0.000151,0.000191,5.4529737e-05,0.000148,0.001476,0.001301,0.006111,0.643259
2024-04-02,4.0136464e-05,0.000151,0.000191,5.4241613e-05,0.000147,0.001469,0.001287,0.006082,0.640879
2024-04-03,3.9984006e-05,0.00015,0.00019,5.3902531e-05,0.000147,0.001464,0.001278,0.00606,0.637425
2024-04-04,4.008016e-05,0.00015,0.00019,5.4049499e-05,0.000147,0.001471,0.001281,0.006064,0.637762
2024-04-05,4.0056079e-05,0.00015,0.00019,5.4051828e-05,0.000147,0.001463,0.001285,0.006073,0.636401
2024-04-06,4.0056079e-05,0.00015,0.00019,5.4051828e-05,0.000147,0.001463,0.001285,0.006073,0.636401
2024-04-07,4.0056079e-05,0.00015,0.00019,5.4047631e-05,0.000147,0.001469,0.001282,0.006076,0.636411
2024-04-08,4.006009e-05,0.00015,0.00019,5.3976365e-05,0.000147,0.001471,0.001288,0.006083,0.637957
2024-04-09,4.007213e-05,0.00015,0.00019,5.3888951e-05,0.000147,0.001456,0.001292,0.006082,0.637107
2024-04-10,4.0088194e-05,0.00015,0.00019,5.4280417e-05,0.000147,0.001473,0.001294,0.006132,0.641475
2024-04-11,4.0016006e-05,0.00015,0.00019,5.413564e-05,0.000147,0.001458,0.001297,0.00613,0.640816
2024-04-12,3.994009e-05,0.00015,0.000191,5.4362612e-05,0.000147,0.001464,0.001293,0.006122,0.643746
2024-04-13,3.994009e-05,0.00015,0.000191,5.4362612e-05,0.000147,0.001464,0.001293,0.006122,0.643746
2024-04-14,3.994009e-05,0.00015,0.000191,5.4330573e-05,0.000147,0.001463,0.001294,0.006122,0.643754
2024-04-15,3.9690415e-05,0.000149,0.00019,5.4100218e-05,0.000146,0.001459,0.001287,0.006121,0.638301
2024-04-16,3.9541321e-05,0.000148,0.000189,5.3962836e-05,0.000145,0.001449,0.001286,0.006117,0.645989
2024-04-17,3.936233e-05,0.000148,0.000189,5.3546156e-05,0.000145,0.001448,0.001278,0.006075,0.639756
2024-04-18,3.936233e-05,0.000148,0.000188,5.361305e-05,0.000145,0.00145,0.001282,0.006086,0.638762
2024-04-19,3.9300452e-05,0.000147,0.000188,5.3499858e-05,0.000144,0.001447,0.001277,0.006077,0.637385
2024-04-20,3.9300452e-05,0.000147,0.000188,5.3499858e-05,0.000144,0.001447,0.001277,0.006077,0.637385
2024-04-21,3.9300452e-05,0.000147,0.000188,5.3503046e-05,0.000144,0.001449,0.001282,0.006078,0.637385
2024-04-22,3.9277298e-05,0.000147,0.000188,5.3497054e-05,0.000144,0.001456,0.001279,0.006081,0.638492
2024-04-23,3.9300452e-05,0.000147,0.000188,5.3484096e-05,0.000144,0.001451,0.001279,0.006082,0.63496
2024-04-24,3.9339103e-05,0.000148,0.000188,5.3568136e-05,0.000144,0.001458,0.001281,0.006108,0.638434
2024-04-25,3.9432177e-05,0.000148,0.000188,5.3593864e-05,0.000145,0.00146,0.001283,0.006136,0.639117
2024-04-26,3.9455514e-05,0.000148,0.000188,5.3762237e-05,0.000145,0.00146,0.001283,0.006238,0.640809
2024-04-27,3.9455514e-05,0.000148,0.000188,5.3762237e-05,0.000145,0.00146,0.001283,0.006238,0.640809
2024-04-28,3.9455514e-05,0.000148,0.000188,5.3718879e-05,0.000145,0.00146,0.001284,0.006243,0.639574
2024-04-29,3.9455514e-05,0.000148,0.000188,5.3664825e-05,0.000145,0.001461,0.00128,0.006168,0.641448
2024-04-30,3.9455514e-05,0.000148,0.000188,5.3868021e-05,0.000145,0.001469,0.001279,0.006223,0.642296
2024-05-01,3.9455514e-05,0.000148,0.000188,5.3661274e-05,0.000145,0.00146,0.001274,0.006144,0.639536
2024-05-02,3.936233e-05,0.000148,0.000187,5.328892e-05,0.000145,0.001449,0.001276,0.006024,0.633891
2024-05-03,3.9346842e-05,0.000148,0.000187,5.3082978e-05,0.000145,0.001448,0.001273,0.006022,0.628318
2024-05-04,3.9346842e-05,0.000148,0.000187,5.3080391e-05,0.000145,0.001448,0.001273,0.006022,0.628318
2024-05-05,3.9346842e-05,0.000148,0.000187,5.315542e-05,0.000145,0.001448,0.001271,0.006043,0.632855
2024-05-06,3.9401103e-05,0.000148,0.000187,5.3258274e-05,0.000145,0.001448,0.001272,0.006077,0.632072
2024-05-07,3.9354585e-05,0.000148,0.000186,5.3321591e-05,0.000145,0.001454,0.00127,0.00609,0.632822
2024-05-08,3.9319768e-05,0.000147,0.000186,5.3298723e-05,0.000144,0.001453,0.001272,0.006111,0.632301
2024-05-09,3.9296591e-05,0.000147,0.000186,5.3140592e-05,0.000144,0.001443,0.001269,0.006106,0.630199
2024-05-10,3.9285013e-05,0.000147,0.000186,5.3223488e-05,0.000144,0.00144,0.001271,0.00612,0.630721
2024-05-11,3.9285013e-05,0.000147,0.000186,5.3227417e-05,0.000144,0.001438,0.001273,0.00612,0.630721
2024-05-12,3.9285013e-05,0.000147,0.000186,5.3219347e-05,0.000144,0.001446,0.001268,0.006122,0.630328
2024-05-13,3.9287328e-05,0.000147,0.000186,5.3156788e-05,0.000144,0.001446,0.001267,0.006138,0.633626
2024-05-14,3.9281155e-05,0.000147,0.000185,5.3111853e-05,0.000144,0.001437,0.001268,0.006148,0.63278
2024-05-15,3.9288871e-05,0.000147,0.000185,5.2789903e-05,0.000144,0.001425,0.001264,0.006062,0.625518
2024-05-16,3.9305859e-05,0.000147,0.000184,5.2900772e-05,0.000144,0.001424,0.001268,0.006108,0.626498
2024-05-17,3.9294275e-05,0.000147,0.000184,5.2886317e-05,0.000144,0.001421,0.001265,0.006117,0.627313
2024-05-18,3.9294275e-05,0.000147,0.000184,5.2891593e-05,0.000144,0.001427,0.001267,0.006117,0.627313
2024-05-19,3.9294275e-05,0.000147,0.000184,5.2847067e-05,0.000144,0.00142,0.001267,0.006121,0.627333
2024-05-20,3.9285013e-05,0.000147,0.000184,5.2933391e-05,0.000144,0.00142,0.001266,0.006143,0.630147
2024-05-21,3.9274213e-05,0.000147,0.000184,5.291395e-05,0.000144,0.001429,0.001264,0.006137,0.628859
2024-05-22,3.9269586e-05,0.000147,0.000184,5.302975e-05,0.000144,0.001433,0.001265,0.006154,0.63019
2024-05-23,3.9262647e-05,0.000147,0.000185,5.3075836e-05,0.000144,0.00144,0.001265,0.006163,0.632207
2024-05-24,3.9260335e-05,0.000147,0.000185,5.3009457e-05,0.000144,0.001439,0.001265,0.006163,0.629932
2024-05-25,3.9260335e-05,0.000147,0.000185,5.3005531e-05,0.000144,0.001439,0.001264,0.006162,0.629932
2024-05-26,3.9260335e-05,0.000147,0.000185,5.3005232e-05,0.000144,0.001439,0.001265,0.006159,0.629932
2024-05-27,3.9288871e-05,0.000147,0.000185,5.2986943e-05,0.000144,0.001436,0.001262,0.006162,0.631686
2024-05-28,3.92881e-05,0.000147,0.000184,5.2995582e-05,0.000144,0.001438,0.001267,0.006179,0.633481
2024-05-29,3.9281155e-05,0.000147,0.000185,5.311146e-05,0.000144,0.001446,0.001267,0.006191,0.638719
2024-05-30,3.9281155e-05,0.000147,0.000185,5.3037462e-05,0.000144,0.001442,0.001267,0.006166,0.63773
2024-05-31,3.9292731e-05,0.000147,0.000185,5.3182864e-05,0.000144,0.001444,0.001267,0.006179,0.638707
2024-06-01,3.9292731e-05,0.000147,0.000185,5.3178935e-05,0.000144,0.001445,0.001267,0.006179,0.638707
2024-06-02,3.9292731e-05,0.000147,0.000185,5.3072535e-05,0.000144,0.001444,0.001267,0.006176,0.638507
2024-06-03,3.9310494e-05,0.000147,0.000185,5.2892263e-05,0.000144,0.001439,0.001265,0.006136,0.637223
2024-06-04,3.9346842e-05,0.000148,0.000185,5.298957e-05,0.000145,0.00144,0.001284,0.006104,0.640685
2024-06-05,3.9335235e-05,0.000148,0.000185,5.3018979e-05,0.000144,0.001439,0.00127,0.006134,0.64203
2024-06-06,3.93275e-05,0.000147,0.000185,5.2915045e-05,0.000144,0.001432,0.00127,0.006123,0.638989
2024-06-07,3.9354585e-05,0.000148,0.000185,5.3172133e-05,0.000145,0.001448,0.001273,0.006166,0.640567
2024-06-08,3.9354585e-05,0.000148,0.000185,5.3160326e-05,0.000145,0.001448,0.001274,0.006168,0.640567
2024-06-09,3.9354585e-05,0.000148,0.000185,5.322711e-05,0.000145,0.001453,0.001276,0.006172,0.640575
2024-06-10,3.9335235e-05,0.000148,0.000186,5.3210148e-05,0.000144,0.001445,0.001274,0.006177,0.641912
2024-06-11,3.9331367e-05,0.000148,0.000186,5.3241888e-05,0.000144,0.001445,0.001273,0.006184,0.64119
2024-06-12,3.9331367e-05,0.000148,0.000186,5.3241888e-05,0.000144,0.001445,0.001273,0.006184,0.64119
